Superintendencia de Pensiones Costa Rica,,,,,,,,,,,,,,,,,,,,,,,,,,,,,,,,,,,,,,,,,,,,,,,,
Periodo 2023,,,,,,,,,,,,,,,,,,,,,,,,,,,,,,,,,,,,,,,,,,,,,,,,
Rentabilidad de los fondos,,,,,,,,,,,,,,,,,,,,,,,,,,,,,,,,,,,,,,,,,,,,,,,,
Fondo: a. PENSION OBLIGATORIA COMPLEMENTARIA,,,,,,,,,,,,,,,,,,,,,,,,,,,,,,,,,,,,,,,,,,,,,,,,
,BAC SJ PENSIONES,,,,,,BCR-PENSION,,,,,,BN-VITAL,,,,,,CCSS-OPC,,,,,,IBP PENSIONES,,,,,,INS PENSIONES,,,,,,POPULAR PENSIONES,,,,,,VIDA PLENA OPC,,,,,
MES,Historico,Anual,,,,,Historico,Anual,,,,,Historico,Anual,,,,,Historico,Anual,,,,,Historico,Anual,,,,,Historico,Anual,,,,,Historico,Anual,,,,,Historico,Anual,,,,
sep-08,"15,99","2,35",,,,,"16,22","6,62",,,,,"15,82","6,20",,,,,"16,13","5,27",,,,,"16,53","5,92",,,,,"15,48","3,73",,,,,"15,71","2,42",,,,,"16,45","7,62",,,,
oct-08,"15,85","2,11",,,,,"16,01","5,81",,,,,"15,64","5,56",,,,,"16,04","5,01",,,,,"16,33","5,08",,,,,"15,31","3,17",,,,,"15,54","1,83",,,,,"16,32","7,21",,,,
nov-08,"15,39","0,18",,,,,"15,56","3,76",,,,,"15,35","4,65",,,,,"15,85","4,64",,,,,"16,05","4,23",,,,,"14,93","1,67",,,,,"15,17","0,30",,,,,"16,08","6,56",,,,
dic-08,"15,27","0,57",,,,,"15,39","3,89",,,,,"15,17","5,43",,,,,"15,73","4,71",,,,,"15,92","5,06",,,,,"14,82","1,89",,,,,"15,08","0,80",,,,,"15,91","6,87",,,,
ene-09,"15,33","1,33",,,,,"15,41","4,15",,,,,"15,24","6,37",,,,,"15,71","4,58",,,,,"15,93","5,51",,,,,"14,83","1,99",,,,,"15,10","1,14",,,,,"15,94","7,46",,,,
feb-09,"15,17","0,07",,,,,"15,34","3,01",,,,,"15,22","6,38",,,,,"15,68","3,56",,,,,"15,90","5,03",,,,,"14,82","1,06",,,,,"15,07","0,53",,,,,"15,98","7,57",,,,
mar-09,"14,86","-1,57",,,,,"15,29","3,25",,,,,"15,16","6,62",,,,,"15,65","4,36",,,,,"15,83","5,11",,,,,"14,79","1,64",,,,,"15,04","1,07",,,,,"15,93","7,85",,,,
abr-09,"14,81","-1,68",,,,,"15,28","3,32",,,,,"15,17","7,06",,,,,"15,66","4,38",,,,,"15,83","5,36",,,,,"14,79","1,66",,,,,"15,02","1,04",,,,,"15,95","8,46",,,,
may-09,"14,79","-0,52",,,,,"15,29","4,36",,,,,"15,19","7,56",,,,,"15,68","6,85",,,,,"15,82","6,21",,,,,"14,78","3,28",,,,,"15,03","2,63",,,,,"16,02","9,69",,,,
jun-09,"14,72","0,70",,,,,"15,25","5,63",,,,,"15,16","8,49",,,,,"15,70","9,72",,,,,"15,78","7,41",,,,,"14,77","5,80",,,,,"14,98","4,60",,,,,"16,04","10,89",,,,
jul-09,"14,66","1,45",,,,,"15,19","5,86",,,,,"15,13","8,53",,,,,"15,66","9,87",,,,,"15,75","7,77",,,,,"14,73","6,36",,,,,"14,96","5,85",,,,,"16,05","11,39",,,,
ago-09,"14,68","3,64",,,,,"15,20","6,84",,,,,"15,17","9,18",,,,,"15,69","11,37",,,,,"15,74","8,47",,,,,"14,74","7,50",,,,,"14,98","7,21",,,,,"16,10","12,52",,,,
sep-09,"14,68","5,64",,,,,"15,18","7,91",,,,,"15,14","10,26",,,,,"15,67","12,31",,,,,"15,70","9,84",,,,,"14,74","9,52",,,,,"14,96","9,67",,,,,"16,14","13,86",,,,
oct-09,"14,80","7,44",,,,,"15,28","10,12",,,,,"15,22","12,18",,,,,"15,84","14,36",,,,,"15,76","11,72",,,,,"14,91","12,09",,,,,"15,09","11,79",,,,,"16,33","16,41",,,,
nov-09,"14,74","9,99",,,,,"15,19","12,41",,,,,"15,10","13,26",,,,,"15,79","15,30",,,,,"15,66","12,82",,,,,"14,86","14,27",,,,,"14,99","13,65",,,,,"16,25","17,52",,,,
dic-09,"14,63","9,99",,,,,"15,10","12,90",,,,,"15,00","13,71",,,,,"15,70","15,46",,,,,"15,57","12,95",,,,,"14,77","14,35",,,,,"14,90","13,58",,,,,"16,14","17,81",,,,
ene-10,"14,63","9,44",,,,,"15,09","12,68",,,,,"14,97","12,94",,,,,"15,71","15,70",,,,,"15,53","12,52",,,,,"14,78","14,43",,,,,"14,87","13,11",,,,,"16,12","17,50",,,,
feb-10,"14,54","9,86",,,,,"15,00","12,42",,,,,"14,83","11,89",,,,,"15,63","15,28",,,,,"15,41","11,67",,,,,"14,73","14,03",,,,,"14,76","12,45",,,,,"16,01","16,31",,,,
mar-10,"14,40","10,88",,,,,"14,89","11,81",,,,,"14,66","10,83",,,,,"15,52","14,49",,,,,"15,29","11,15",,,,,"14,69","13,85",,,,,"14,62","11,40",,,,,"15,85","15,23",,,,
abr-10,"14,30","10,44",,,,,"14,80","11,10",,,,,"14,51","9,50",,,,,"15,49","14,19",,,,,"15,16","10,12",,,,,"14,70","14,01",,,,,"14,49","10,36",,,,,"15,72","13,96",,,,
may-10,"14,28","10,32",,,,,"14,79","10,92",,,,,"14,53","9,43",,,,,"15,52","14,23",,,,,"15,13","9,82",,,,,"14,65","13,62",,,,,"14,50","10,44",,,,,"15,77","13,82",,,,
jun-10,"14,24","10,43",,,,,"14,77","11,00",,,,,"14,53","9,59",,,,,"15,52","14,09",,,,,"15,10","9,77",,,,,"14,60","13,29",,,,,"14,49","10,69",,,,,"15,77","13,62",,,,
jul-10,"14,16","10,18",,,,,"14,69","10,76",,,,,"14,42","8,84",,,,,"15,48","14,05",,,,,"15,01","9,21",,,,,"14,56","13,18",,,,,"14,40","10,02",,,,,"15,67","12,67",,,,
ago-10,"14,09","9,43",,,,,"14,62","9,98",,,,,"14,32","7,58",,,,,"15,48","13,79",,,,,"14,92","8,49",,,,,"14,54","12,97",,,,,"14,33","9,20",,,,,"15,58","11,45",,,,
sep-10,"14,03","8,74",,,,,"14,58","9,76",,,,,"14,27","7,34",,,,,"15,53","14,40",,,,,"14,88","8,37",,,,,"14,54","12,93",,,,,"14,31","9,06",,,,,"15,57","11,03",,,,
oct-10,"14,01","7,58",,,,,"14,56","8,68",,,,,"14,25","6,46",,,,,"15,53","12,98",,,,,"14,86","7,61",,,,,"14,53","11,44",,,,,"14,29","7,88",,,,,"15,56","9,36",,,,
nov-10,"13,95","7,56",,,,,"14,50","8,93",,,,,"14,20","6,93",,,,,"15,49","13,02",,,,,"14,80","7,79",,,,,"14,48","11,37",,,,,"14,25","8,26",,,,,"15,50","9,35",,,,
dic-10,"13,88","7,65",,,,,"14,43","8,90",,,,,"14,10","6,75",,,,,"15,37","12,62",,,,,ND,ND,,,,,"14,43","11,59",,,,,"14,16","8,07",,,,,"15,39","9,22",,,,
ene-11,"13,85","7,38",,,,,"14,41","8,77",,,,,"14,07","6,68",,,,,"15,31","11,97",,,,,ND,ND,,,,,"14,41","11,24",,,,,"14,12","7,89",,,,,"15,35","8,88",,,,
feb-11,"13,81","7,64",,,,,"14,37","9,04",,,,,"14,03","7,27",,,,,"15,24","11,89",,,,,ND,ND,,,,,"14,38","11,40",,,,,"14,06","8,18",,,,,"15,29","9,18",,,,
mar-11,"13,77","8,42",,,,,"14,33","9,60",,,,,"13,99","8,25",,,,,"15,20","12,48",,,,,ND,ND,,,,,"14,35","11,46",,,,,"14,02","8,95",,,,,"15,24","10,02",,,,
abr-11,"13,75","9,00",,,,,"14,31","10,07",,,,,"13,96","9,16",,,,,"15,17","12,40",,,,,ND,ND,,,,,"14,33","11,06",,,,,"14,02","10,01",,,,,"15,22","10,86",,,,
may-11,"13,73","8,94",,,,,"14,28","9,88",,,,,"13,93","8,72",,,,,"15,15","11,98",,,,,ND,ND,,,,,"14,29","11,17",,,,,"14,01","9,70",,,,,"15,19","10,10",,,,
jun-11,"13,70","8,95",,,,,"14,26","9,74",,,,,"13,90","8,43",,,,,"15,12","11,65",,,,,ND,ND,,,,,"14,25","11,11",,,,,"13,98","9,52",,,,,"15,15","9,74",,,,
jul-11,"13,65","9,15",,,,,"14,21","9,93",,,,,"13,86","8,82",,,,,"15,09","11,57",,,,,ND,ND,,,,,"14,20","10,99",,,,,"13,94","9,78",,,,,"15,09","9,93",,,,
ago-11,"13,61","9,27",,,,,"14,17","10,09",,,,,"13,82","9,38",,,,,"15,06","11,32",,,,,ND,ND,,,,,"14,15","10,56",,,,,"13,90","9,98",,,,,"15,03","10,09",,,,
sep-11,"13,57","9,40",,,,,"14,12","9,95",,,,,"13,79","9,48",,,,,"15,03","10,44",,,,,ND,ND,,,,,"14,10","10,05",,,,,"13,86","9,81",,,,,"14,98","9,65",,,,
oct-11,"13,51","8,99",,,,,"14,07","9,57",,,,,"13,74","9,07",,,,,"14,97","9,87",,,,,ND,ND,,,,,"14,03","9,48",,,,,"13,81","9,40",,,,,"14,91","9,07",,,,
nov-11,"13,45","8,77",,,,,"13,99","9,28",,,,,"13,66","8,72",,,,,"14,89","9,35",,,,,ND,ND,,,,,"13,99","9,48",,,,,"13,73","8,90",,,,,"14,82","8,55",,,,
dic-11,"13,39","8,87",,,,,"13,93","9,32",,,,,"13,60","9,00",,,,,"14,82","9,66",,,,,ND,ND,,,,,"13,94","9,45",,,,,"13,67","9,07",,,,,"14,74","8,82",,,,
ene-12,"13,35","8,70",,,,,"13,89","9,06",,,,,"13,57","8,82",,,,,"14,77","9,67",,,,,ND,ND,,,,,"13,89","9,08",,,,,"13,63","9,08",,,,,"14,70","8,68",,,,
feb-12,"13,28","8,35",,,,,"13,83","8,82",,,,,"13,49","8,45",,,,,"14,67","9,33",,,,,ND,ND,,,,,"13,83","8,60",,,,,"13,59","9,12",,,,,"14,59","8,09",,,,
mar-12,"13,21","7,86",,,,,"13,76","8,37",,,,,"13,41","7,94",,,,,"14,57","8,60",,,,,ND,ND,,,,,"13,77","8,24",,,,,"13,50","8,58",,,,,"14,48","7,38",,,,
abr-12,"13,10","6,84",,,,,"13,64","7,22",,,,,"13,25","6,51",,,,,"14,37","6,76",,,,,ND,ND,,,,,"13,69","7,60",,,,,"13,34","6,83",,,,,"14,35","6,13",,,,
may-12,"12,98","5,82",,,,,"13,54","6,45",,,,,"13,13","5,51",,,,,"14,24","5,50",,,,,ND,ND,,,,,"13,62","7,13",,,,,"13,24","5,93",,,,,"14,22","5,10",,,,
jun-12,"12,93","5,56",,,,,"13,49","6,12",,,,,"13,10","5,31",,,,,"14,18","5,12",,,,,ND,ND,,,,,"13,59","7,22",,,,,"13,10","4,65",,,,,"14,14","4,54",,,,
jul-12,"12,91","5,72",,,,,"13,47","6,23",,,,,"13,08","5,56",,,,,"14,15","5,16",,,,,ND,ND,,,,,"13,57","7,46",,,,,"13,05","4,51",,,,,"14,11","4,70",,,,
ago-12,"12,89","5,87",,,,,"13,44","6,29",,,,,"13,06","5,65",,,,,"14,12","5,00",,,,,ND,ND,,,,,"13,55","7,68",,,,,"13,02","4,52",,,,,"14,09","4,93",,,,
sep-12,"12,87","5,99",,,,,"13,41","6,36",,,,,"13,05","5,76",,,,,"14,11","5,08",,,,,ND,ND,,,,,"13,54","7,95",,,,,"12,98","4,33",,,,,"14,06","5,04",,,,
oct-12,"12,87","6,39",,,,,"13,39","6,67",,,,,"13,04","6,07",,,,,"14,10","5,55",,,,,ND,ND,,,,,"13,52","8,37",,,,,"12,96","4,53",,,,,"14,05","5,47",,,,
nov-12,"13,01","8,53",,,,,"13,45","7,90",,,,,"13,15","7,97",,,,,"14,27","8,01",,,,,ND,ND,,,,,"13,56","9,15",,,,,"13,11","6,83",,,,,"14,21","8,04",,,,
dic-12,"13,17","10,92",,,,,"13,52","9,23",,,,,"13,30","10,11",,,,,"14,43","10,46",,,,,ND,ND,,,,,ND,ND,,,,,"13,25","8,98",,,,,"14,39","10,69",,,,
ene-13,"13,39","13,74",,,,,"13,63","10,88",,,,,"13,48","12,61",,,,,"14,67","13,66",,,,,ND,ND,,,,,ND,ND,,,,,"13,41","11,07",,,,,"14,63","13,95",,,,
feb-13,"13,54","16,32",,,,,"13,73","12,65",,,,,"13,63","15,17",,,,,"14,80","16,17",,,,,ND,ND,,,,,ND,ND,,,,,"13,52","12,74",,,,,"14,80","17,06",,,,
mar-13,"13,56","17,37",,,,,"13,74","13,49",,,,,"13,65","16,22",,,,,"14,79","17,18",,,,,ND,ND,,,,,ND,ND,,,,,"13,49","13,29",,,,,"14,84","18,70",,,,
abr-13,"13,53","18,38",,,,,"13,72","14,66",,,,,"13,63","17,82",,,,,"14,75","18,92",,,,,ND,ND,,,,,ND,ND,,,,,"13,48","14,99",,,,,"14,81","19,88",,,,
may-13,"13,53","19,69",,,,,"13,72","15,63",,,,,"13,62","19,03",,,,,"14,73","20,24",,,,,ND,ND,,,,,ND,ND,,,,,"13,52","16,54",,,,,"14,79","21,12",,,,
jun-13,"13,50","19,89",,,,,"13,69","15,86",,,,,"13,59","19,23",,,,,"14,68","20,36",,,,,ND,ND,,,,,ND,ND,,,,,"13,48","17,67",,,,,"14,74","21,48",,,,
jul-13,"13,49","20,10",,,,,"13,68","16,03",,,,,"13,60","19,47",,,,,"14,67","20,53",,,,,ND,ND,,,,,ND,ND,,,,,"13,46","18,08",,,,,"14,71","21,55",,,,
ago-13,"13,47","20,17",,,,,"13,65","16,06",,,,,"13,58","19,50",,,,,"14,65","20,75",,,,,ND,ND,,,,,ND,ND,,,,,"13,44","18,13",,,,,"14,68","21,51",,,,
sep-13,"13,41","19,65",,,,,"13,59","15,67",,,,,"13,51","18,86",,,,,"14,57","19,93",,,,,ND,ND,,,,,ND,ND,,,,,"13,38","17,97",,,,,"14,60","20,86",,,,
oct-13,"13,35","19,01",,,,,"13,53","15,06",,,,,"13,45","18,17",,,,,"14,50","19,03",,,,,ND,ND,,,,,ND,ND,,,,,"13,32","17,46",,,,,"14,51","19,83",,,,
nov-13,"13,31","16,83",,,,,"13,47","13,78",,,,,"13,39","16,17",,,,,"14,43","16,27",,,,,ND,ND,,,,,ND,ND,,,,,"13,25","14,94",,,,,"14,42","16,85",,,,
dic-13,"13,23","13,92",,,,,"13,41","12,20",,,,,"13,32","13,55",,,,,"14,34","13,32",,,,,ND,ND,,,,,ND,ND,,,,,"13,18","12,36",,,,,"14,33","13,70",,,,
ene-14,"13,18","10,79",,,,,"13,36","10,26",,,,,"13,26","10,71",,,,,"14,28","9,87",,,,,ND,ND,,,,,ND,ND,,,,,"13,14","10,01",,,,,"14,27","10,08",,,,
feb-14,"13,15","8,72",,,,,"13,33","8,69",,,,,"13,24","8,77",,,,,"14,26","8,09",,,,,ND,ND,,,,,ND,ND,,,,,"13,07","8,01",,,,,"14,21","7,58",,,,
mar-14,"13,11","7,94",,,,,"13,27","7,83",,,,,"13,19","8,01",,,,,"14,20","7,44",,,,,ND,ND,,,,,ND,ND,,,,,"13,02","7,72",,,,,"14,14","6,25",,,,
abr-14,"13,06","7,54",,,,,"13,21","7,34",,,,,"13,15","7,64",,,,,"14,14","7,22",,,,,ND,ND,,,,,ND,ND,,,,,"12,97","7,12",,,,,"14,09","6,02",,,,
may-14,"13,03","7,22",,,,,"13,19","7,12",,,,,"13,13","7,45",,,,,"14,12","7,10",,,,,ND,ND,,,,,ND,ND,,,,,"12,96","6,55",,,,,"14,07","5,92",,,,
jun-14,"13,00","7,14",,,,,"13,16","7,04",,,,,"13,10","7,35",,,,,"14,09","7,26",,,,,ND,ND,,,,,ND,ND,,,,,"12,93","6,63",,,,,"14,04","6,02",,,,
jul-14,"12,95","6,65",,,,,"13,12","6,63",,,,,"13,05","6,71",,,,,"14,05","6,83",,,,,ND,ND,,,,,ND,ND,,,,,"12,88","6,07",,,,,"13,99","5,67",,,,
ago-14,"12,93","6,52",,,,,"13,10","6,54",,,,,"13,03","6,55",,,,,"14,02","6,61",,,,,ND,ND,,,,,ND,ND,,,,,"12,85","6,02",,,,,"13,96","5,55",,,,
sep-14,"12,89","6,77",,,,,"13,06","6,75",,,,,"13,00","6,84",,,,,"13,97","6,89",,,,,ND,ND,,,,,ND,ND,,,,,"12,82","6,15",,,,,"13,92","5,95",,,,
oct-14,"12,85","6,89",,,,,"13,02","6,94",,,,,"12,96","7,10",,,,,"13,92","7,07",,,,,ND,ND,,,,,ND,ND,,,,,"12,76","6,10",,,,,"13,85","6,08",,,,
nov-14,"12,82","6,88",,,,,"12,99","7,13",,,,,"12,92","7,28",,,,,"13,89","7,42",,,,,ND,ND,,,,,ND,ND,,,,,"12,73","6,49",,,,,"13,82","6,68",,,,
dic-14,"12,79","7,34",,,,,"12,95","7,42",,,,,"12,89","7,71",,,,,"13,85","7,89",,,,,ND,ND,,,,,ND,ND,,,,,"12,69","6,76",,,,,"13,77","6,98",,,,
ene-15,"12,76","7,65",,,,,"12,93","7,69",,,,,"12,87","8,03",,,,,"13,82","8,21",,,,,ND,ND,,,,,ND,ND,,,,,"12,67","6,92",,,,,"13,73","7,20",,,,
feb-15,"12,74","7,69",,,,,"12,91","7,76",,,,,"12,84","7,92",,,,,"13,80","8,16",,,,,ND,ND,,,,,ND,ND,,,,,"12,65","7,44",,,,,"13,71","7,48",,,,
mar-15,"12,72","7,92",,,,,"12,89","8,13",,,,,"12,82","8,16",,,,,"13,77","8,44",,,,,ND,ND,,,,,ND,ND,,,,,"12,61","7,54",,,,,"13,67","7,91",,,,
abr-15,"12,72","8,49",,,,,"12,88","8,68",,,,,"12,81","8,57",,,,,"13,77","9,11",,,,,ND,ND,,,,,ND,ND,,,,,"12,61","8,07",,,,,"13,67","8,41",,,,
may-15,"12,76","9,36",,,,,"12,92","9,47",,,,,"12,84","9,19",,,,,"13,84","10,30",,,,,ND,ND,,,,,ND,ND,,,,,"12,65","8,68",,,,,"13,69","8,84",,,,
jun-15,"12,77","9,86",,,,,"12,93","9,99",,,,,"12,84","9,49",,,,,"13,83","10,52",,,,,ND,ND,,,,,ND,ND,,,,,"12,63","8,79",,,,,"13,68","9,09",,,,
jul-15,"12,79","10,62",,,,,"12,95","10,73",,,,,"12,85","10,17",,,,,"13,84","11,19",,,,,ND,ND,,,,,ND,ND,,,,,"12,63","9,41",,,,,"13,68","9,64",,,,
ago-15,"12,79","11,01",,,,,"12,96","11,12",,,,,"12,85","10,49",,,,,"13,84","11,43",,,,,ND,ND,,,,,ND,ND,,,,,"12,60","9,24",,,,,"13,65","9,59",,,,
sep-15,"12,75","10,83",,,,,"12,92","11,01",,,,,"12,81","10,36",,,,,"13,79","11,37",,,,,ND,ND,,,,,ND,ND,,,,,"12,49","8,21",,,,,"13,56","8,81",,,,
oct-15,"12,77","11,60",,,,,"12,94","11,86",,,,,"12,81","10,89",,,,,"13,84","12,76",,,,,ND,ND,,,,,ND,ND,,,,,"12,53","9,57",,,,,"13,58","9,98",,,,
nov-15,"12,79","12,49",,,,,"12,97","12,73",,,,,"12,83","11,54",,,,,"13,92","14,29",,,,,ND,ND,,,,,ND,ND,,,,,"12,60","10,78",,,,,"13,57","10,29",,,,
dic-15,"12,77","12,60",,,,,"12,95","12,90",,,,,"12,81","11,73",,,,,"13,90","14,55",,,,,ND,ND,,,,,ND,ND,,,,,"12,55","10,61",,,,,"13,53","10,30",,,,
ene-16,"12,77","12,92",,,,,"12,96","13,29",,,,,"12,80","11,92",,,,,"13,88","14,71",,,,,ND,ND,,,,,ND,ND,,,,,"12,48","9,95",,,,,"13,50","10,39",,,,
feb-16,"12,73","12,56",,,,,"12,92","13,08",,,,,"12,76","11,65",,,,,"13,82","14,11",,,,,ND,ND,,,,,ND,ND,,,,,"12,41","9,15",,,,,"13,44","9,83",,,,
mar-16,"12,71","12,50",,,,,"12,90","13,17",,,,,"12,74","11,66",,,,,"13,80","14,29",,,,,ND,ND,,,,,ND,ND,,,,,"12,43","9,91",,,,,"13,44","10,22",,,,
abr-16,"12,68","12,18",,,,,"12,88","12,96",,,,,"12,72","11,53",,,,,"13,81","14,41",,,,,ND,ND,,,,,ND,ND,,,,,"12,44","10,09",,,,,"13,40","9,66",,,,
may-16,"12,65","11,07",,,,,"12,85","11,90",,,,,"12,69","10,69",,,,,"13,79","13,17",,,,,ND,ND,,,,,ND,ND,,,,,"12,40","8,99",,,,,"13,35","8,66",,,,
jun-16,"12,61","10,42",,,,,"12,82","11,32",,,,,"12,68","10,43",,,,,"13,78","13,07",,,,,ND,ND,,,,,ND,ND,,,,,"12,37","8,81",,,,,"13,31","8,24",,,,
jul-16,"12,58","9,73",,,,,"12,80","10,64",,,,,"12,66","10,12",,,,,"13,77","12,72",,,,,ND,ND,,,,,ND,ND,,,,,"12,36","8,71",,,,,"13,28","7,86",,,,
ago-16,"12,55","9,16",,,,,"12,77","10,13",,,,,"12,64","9,78",,,,,"13,75","12,51",,,,,ND,ND,,,,,ND,ND,,,,,"12,35","8,99",,,,,"13,25","7,81",,,,
sep-16,"12,51","9,23",,,,,"12,74","10,21",,,,,"12,61","9,84",,,,,"13,71","12,69",,,,,ND,ND,,,,,ND,ND,,,,,"12,33","10,07",,,,,"13,22","8,44",,,,
oct-16,"12,48","8,50",,,,,"12,71","9,42",,,,,"12,58","9,30",,,,,"13,69","11,52",,,,,ND,ND,,,,,ND,ND,,,,,"12,30","8,96",,,,,"13,18","7,69",,,,
nov-16,"12,45","7,59",,,,,"12,67","8,50",,,,,"12,54","8,52",,,,,"13,65","9,84",,,,,ND,ND,,,,,ND,ND,,,,,"12,24","7,28",,,,,"13,15","7,21",,,,
dic-16,"12,41","7,28",,,,,"12,63","8,15",,,,,"12,50","8,14",,,,,"13,59","9,20",,,,,ND,ND,,,,,ND,ND,,,,,"12,20","7,28",,,,,"13,11","7,24",,,,
ene-17,"12,38","6,80",,,,,"12,61","7,63",,,,,"12,48","7,84",,,,,"13,57","9,06",,,,,ND,ND,,,,,ND,ND,,,,,"12,17","7,80",,,,,"13,08","7,20",,,,
feb-17,"12,35","6,92",,,,,"12,58","7,70",,,,,"12,46","8,14",,,,,"13,56","9,74",,,,,ND,ND,,,,,ND,ND,,,,,"12,16","8,60",,,,,"13,06","7,68",,,,
mar-17,"12,31","6,67",,,,,"12,54","7,30",,,,,"12,43","7,97",,,,,"13,51","9,20",,,,,ND,ND,,,,,ND,ND,,,,,"12,13","7,86",,,,,"13,04","7,30",,,,
abr-17,"12,29","6,63",,,,,"12,52","7,24",,,,,"12,42","7,92",,,,,"13,49","8,79",,,,,ND,ND,,,,,ND,ND,,,,,"12,12","7,48",,,,,"13,02","7,51",,,,
may-17,"12,28","6,98",,,,,"12,51","7,59",,,,,"12,42","8,33",,,,,"13,52","9,50",,,,,ND,ND,,,,,ND,ND,,,,,"12,13","8,18",,,,,"13,01","8,13",,,,
jun-17,"12,24","6,80",,,,,"12,46","7,15",,,,,"12,37","7,93",,,,,"13,48","9,08",,,,,ND,ND,,,,,ND,ND,,,,,"12,08","7,75",,,,,"12,96","7,88",,,,
jul-17,"12,20","6,65",,,,,"12,42","6,89",,,,,"12,34","7,55",,,,,"13,45","8,72",,,,,ND,ND,,,,,ND,ND,,,,,"12,03","7,06",,,,,"12,93","7,67",,,,
ago-17,"12,14","6,07",,,,,"12,38","6,64",,,,,"12,30","7,21",,,,,"13,38","7,90",,,,,ND,ND,,,,,ND,ND,,,,,"11,95","5,98",,,,,"12,89","7,60",,,,
sep-17,"12,08","5,68",,,,,"12,34","6,52",,,,,"12,27","7,10",,,,,"13,32","7,43",,,,,ND,ND,,,,,ND,ND,,,,,"11,91","5,76",,,,,"12,86","7,57",,,,
oct-17,"12,04","5,47",,,,,"12,30","6,33",,,,,"12,23","6,96",,,,,"13,28","7,16",,,,,ND,ND,,,,,ND,ND,,,,,"11,89","5,81",,,,,"12,83","7,59",,,,
nov-17,"12,00","5,33",,,,,"12,26","6,14",,,,,"12,20","6,97",,,,,"13,22","6,90",,,,,ND,ND,,,,,ND,ND,,,,,"11,86","6,02",,,,,"12,80","7,53",,,,
dic-17,"11,98","5,57",,,,,"12,24","6,25",,,,,"12,17","7,05",,,,,"13,19","7,16",,,,,ND,ND,,,,,ND,ND,,,,,"11,82","6,17",,,,,"12,77","7,65",,,,
ene-18,"11,99","6,06",,,,,"12,22","6,42",,,,,"12,15","7,20",,,,,"13,20","7,61",,,,,ND,ND,,,,,ND,ND,,,,,"11,83","6,61",,,,,"12,76","7,90",,,,
feb-18,"11,95","5,94",,,,,"12,20","6,34",,,,,"12,12","6,93",,,,,"13,15","7,00",,,,,ND,ND,,,,,ND,ND,,,,,"11,77","5,88",,,,,"12,74","7,74",,,,
mar-18,"11,91","5,83",,,,,"12,16","6,30",,,,,"12,08","6,65",,,,,"13,09","6,73",,,,,ND,ND,,,,,ND,ND,,,,,"11,72","5,42",,,,,"12,70","7,58",,,,
abr-18,"11,88","5,60",,,,,"12,13","6,10",,,,,"12,06","6,58",,,,,"13,04","6,16",,,,,ND,ND,,,,,ND,ND,,,,,"11,68","4,95",,,,,"12,68","7,47",,,,
may-18,"11,86","5,40",,,,,"12,10","5,78",,,,,"12,03","6,12",,,,,"13,02","5,32",,,,,ND,ND,,,,,ND,ND,,,,,"11,67","4,56",,,,,"12,66","7,24",,,,
jun-18,"11,85","5,79",,,,,"12,09","6,36",,,,,"12,02","6,47",,,,,"13,01","5,72",,,,,ND,ND,,,,,ND,ND,,,,,"11,65","5,04",,,,,"12,64","7,64",,,,
jul-18,"11,81","5,74",,,,,"12,06","6,48",,,,,"11,99","6,59",,,,,"12,98","5,74",,,,,ND,ND,,,,,ND,ND,,,,,"11,63","5,38",,,,,"12,61","7,61",,,,
ago-18,"11,78","6,13",,,,,"12,03","6,50",,,,,"11,97","6,80",,,,,"12,95","6,29",,,,,ND,ND,,,,,ND,ND,,,,,"11,61","6,28",,,,,"12,58","7,63",,,,
sep-18,"11,77","6,90",,,,,"12,01","6,70",,,,,"11,96","7,19",,,,,"12,94","6,92",,,,,ND,ND,,,,,ND,ND,,,,,"11,62","6,99",,,,,"12,56","7,84",,,,
oct-18,"11,76","7,27",,,,,"12,00","7,12",,,,,"11,96","7,63",,,,,"12,90","6,95",,,,,ND,ND,,,,,ND,ND,,,,,"11,59","6,83",,,,,"12,53","7,65",,,,
nov-18,"11,74","7,57",,,,,"11,99","7,57",,,,,"11,97","8,31",,,,,"12,88","7,41",,,,,ND,ND,,,,,ND,ND,,,,,"11,59","7,25",,,,,"12,49","7,52",,,,
dic-18,"11,63","5,92",,,,,"11,92","6,89",,,,,"11,91","7,80",,,,,"12,66","4,28",,,,,ND,ND,,,,,ND,ND,,,,,"11,45","5,39",,,,,"12,37","6,00",,,,
ene-19,"11,63","5,93",,,,,"11,92","7,03",,,,,"11,91","8,00",,,,,"12,65","3,97",,,,,ND,ND,,,,,ND,ND,,,,,"11,44","5,25",,,,,"12,37","6,00",,,,
feb-19,"11,65","6,71",,,,,"11,91","7,31",,,,,"11,91","8,37",,,,,"12,69","5,21",,,,,ND,ND,,,,,ND,ND,,,,,"11,49","6,93",,,,,"12,37","6,43",,,,
mar-19,"11,62","6,73",,,,,"11,87","7,21",,,,,"11,86","8,19",,,,,"12,65","5,53",,,,,ND,ND,,,,,ND,ND,,,,,"11,46","7,25",,,,,"12,35","6,54",,,,
abr-19,"11,62","7,36",,,,,"11,87","7,62",,,,,"11,85","8,31",,,,,"12,65","6,36",,,,,ND,ND,,,,,ND,ND,,,,,"11,53","9,04",,,,,"12,37","7,21",,,,
may-19,"11,59","7,16",,,,,"11,89","8,37",,,,,"11,89","9,52",,,,,"12,65","6,67",,,,,ND,ND,,,,,ND,ND,,,,,"11,52","9,01",,,,,"12,38","7,68",,,,
jun-19,"11,60","7,45",,,,,"11,90","8,78",,,,,"11,90","9,94",,,,,"12,66","6,83",,,,,ND,ND,,,,,ND,ND,,,,,"11,54","9,57",,,,,"12,38","8,06",,,,
jul-19,"11,60","7,93",,,,,"11,91","9,28",,,,,"11,90","10,29",,,,,"12,63","6,74",,,,,ND,ND,,,,,ND,ND,,,,,"11,55","10,33",,,,,"12,38","8,60",,,,
ago-19,"11,57","8,05",,,,,"11,90","9,81",,,,,"11,90","10,63",,,,,"12,60","6,74",,,,,ND,ND,,,,,ND,ND,,,,,"11,50","9,54",,,,,"12,37","8,76",,,,
sep-19,"11,60","8,64",,,,,"11,92","10,37",,,,,"11,90","10,86",,,,,"12,62","7,26",,,,,ND,ND,,,,,ND,ND,,,,,"11,55","10,31",,,,,"12,39","9,40",,,,
oct-19,"11,62","9,26",,,,,"11,93","10,77",,,,,"11,92","11,23",,,,,"12,63","7,96",,,,,ND,ND,,,,,ND,ND,,,,,"11,57","11,16",,,,,"12,41","10,50",,,,
nov-19,"11,68","10,60",,,,,"11,97","11,61",,,,,"11,96","11,89",,,,,"12,64","8,42",,,,,ND,ND,,,,,ND,ND,,,,,"11,64","12,62",,,,,"12,48","12,28",,,,
dic-19,"11,70","12,93",,,,,"11,99","13,08",,,,,"11,98","13,26",,,,,"12,60","11,60",,,,,ND,ND,,,,,ND,ND,,,,,"11,65","15,28",,,,,"12,48","14,44",,,,
ene-20,"11,73","13,48",,,,,"12,01","13,60",,,,,"12,01","13,76",,,,,"12,61","11,86",,,,,ND,ND,,,,,ND,ND,,,,,"11,70","16,21",,,,,"12,50","14,93",,,,
feb-20,"11,77","13,83",,,,,"12,04","14,25",,,,,"12,03","14,34",,,,,"12,62","11,53",,,,,ND,ND,,,,,ND,ND,,,,,"11,71","15,56",,,,,"12,53","15,32",,,,
mar-20,"11,64","12,14",,,,,"11,97","13,79",,,,,"11,98","14,20",,,,,"12,45","9,01",,,,,ND,ND,,,,,ND,ND,,,,,"11,44","10,91",,,,,"12,43","13,91",,,,
abr-20,"11,56","10,38",,,,,"11,89","12,20",,,,,"11,89","12,69",,,,,"12,41","8,17",,,,,ND,ND,,,,,ND,ND,,,,,"11,35","8,22",,,,,"12,37","12,39",,,,
may-20,"11,51","9,92",,,,,"11,83","10,67",,,,,"11,83","10,71",,,,,"12,41","8,09",,,,,ND,ND,,,,,ND,ND,,,,,"11,35","8,32",,,,,"12,35","11,90",,,,
jun-20,"11,51","9,99",,,,,"11,81","10,19",,,,,"11,82","10,34",,,,,"12,45","8,75",,,,,ND,ND,,,,,ND,ND,,,,,"11,44","9,69",,,,,"12,35","11,71",,,,
jul-20,"11,52","10,16",,,,,"11,82","10,18",,,,,"11,82","10,36",,,,,"12,49","10,09",,,,,ND,ND,,,,,ND,ND,,,,,"11,48","10,07",,,,,"12,33","11,40",,,,
ago-20,"11,55","11,14",,,,,"11,83","10,46",,,,,"11,83","10,55",,,,,"12,57","11,98",,,,,ND,ND,,,,,ND,ND,,,,,"11,56","12,63",,,,,"12,35","11,96",,,,
sep-20,"11,54","10,50",,,,,"11,83","10,21",,,,,"11,83","10,40",,,,,"12,56","11,53",,,,,ND,ND,,,,,ND,ND,,,,,"11,56","11,82",,,,,"12,34","11,52",,,,
oct-20,"11,53","9,89",,,,,"11,81","9,57",,,,,"11,79","9,54",,,,,"12,57","11,55",,,,,ND,ND,,,,,ND,ND,,,,,"11,57","11,70",,,,,"12,32","10,62",,,,
nov-20,"11,53","8,88",,,,,"11,79","8,49",,,,,"11,77","8,19",,,,,"12,59","11,72",,,,,ND,ND,,,,,ND,ND,,,,,"11,60","10,85",,,,,"12,32","9,41",,,,
dic-20,"11,53","8,40",,,,,"11,77","7,86",,,,,"11,76","7,65",,,,,"12,62","12,91",,,,,ND,ND,,,,,ND,ND,,,,,"11,63","11,33",,,,,"12,31","9,21",,,,
ene-21,"11,54","7,97",,,,,"11,79","7,77",,,,,"11,80","8,05",,,,,"12,68","13,87",,,,,ND,ND,,,,,ND,ND,,,,,"11,70","11,82",,,,,"12,32","9,03",,,,
feb-21,"11,56","7,78",,,,,"11,84","8,14",,,,,"11,87","8,78",,,,,"12,72","14,61",,,,,ND,ND,,,,,ND,ND,,,,,"11,76","12,81",,,,,"12,36","9,29",,,,
mar-21,"11,54","9,66",,,,,"11,82","9,04",,,,,"11,81","8,70",,,,,"12,67","16,76",,,,,ND,ND,,,,,ND,ND,,,,,"11,73","17,43",,,,,"12,34","10,58",,,,
abr-21,"11,59","12,17",,,,,"11,85","11,05",,,,,"11,86","11,21",,,,,"12,73","18,94",,,,,ND,ND,,,,,ND,ND,,,,,"11,81","20,94",,,,,"12,37","12,37",,,,
may-21,"11,68","14,94",,,,,"11,91","13,51",,,,,"11,93","13,94",,,,,"12,76","19,63",,,,,ND,ND,,,,,ND,ND,,,,,"11,83","21,31",,,,,"12,41","13,52",,,,
jun-21,"11,73","15,95",,,,,"11,95","14,65",,,,,"11,99","15,29",,,,,"12,81","20,00",,,,,ND,ND,,,,,ND,ND,,,,,"11,88","20,58",,,,,"12,45","14,39",,,,
jul-21,"11,79","17,07",,,,,"11,97","15,02",,,,,"12,01","15,79",,,,,"12,85","19,89",,,,,ND,ND,,,,,ND,ND,,,,,"11,91","20,59",,,,,"12,47","15,17",,,,
ago-21,"11,92","19,19",,,,,"12,03","16,02",,,,,"12,10","17,40",,,,,"12,91","19,60",,,,,ND,ND,,,,,ND,ND,,,,,"11,96","20,09",,,,,"12,54","16,32",,,,
sep-21,"12,02","21,59",,,,,"12,10","17,43",,,,,"12,18","19,32",,,,,"12,95","20,59",,,,,ND,ND,,,,,ND,ND,,,,,"11,99","20,55",,,,,"12,60","17,63",,,,
oct-21,"11,92","19,67",,,,,"12,04","16,62",,,,,"12,11","18,32",,,,,"12,88","19,03",,,,,ND,ND,,,,,ND,ND,,,,,"11,95","19,44",,,,,"12,51","16,32",,,,
nov-21,"11,94","20,02",,,,,"12,03","16,82",,,,,"12,13","19,37",,,,,"12,92","19,62",,,,,ND,ND,,,,,ND,ND,,,,,"12,03","20,66",,,,,"12,51","16,27",,,,
dic-21,"11,89","19,14",,,,,"11,99","16,36",,,,,"12,06","18,17",,,,,"12,87","17,99",,,,,ND,ND,,,,,ND,ND,,,,,"11,96","18,57",,,,,"12,45","15,21",,,,
ene-22,"11,83","17,68",,,,,"11,94","15,02",,,,,"11,99","15,67",,,,,"12,79","14,99",,,,,ND,ND,,,,,ND,ND,,,,,"11,88","15,34",,,,,"12,40","13,94",,,,
feb-22,"11,74","15,39",,,,,"11,89","12,91",,,,,"11,89","12,44",,,,,"12,69","12,05",,,,,ND,ND,,,,,ND,ND,,,,,"11,78","12,14",,,,,"12,35","12,10",,,,
mar-22,"11,68","14,50",,,,,"11,86","12,49",,,,,"11,84","12,42",,,,,"12,63","11,90",,,,,ND,ND,,,,,ND,ND,,,,,"11,75","12,17",,,,,"12,31","11,86",,,,
abr-22,"11,66","13,16",,,,,"11,83","11,58",,,,,"11,83","11,28",,,,,"12,60","10,08",,,,,ND,ND,,,,,ND,ND,,,,,"11,76","10,77",,,,,"12,30","11,03",,,,
may-22,"11,56","9,36",,,,,"11,78","9,16",,,,,"11,72","7,63",,,,,"12,50","7,37",,,,,ND,ND,,,,,ND,ND,,,,,"11,60","7,22",,,,,"12,24","8,98",,,,
jun-22,"11,50","6,93",,,,,"11,74","7,56",,,,,"11,68","5,74",,,,,"12,46","5,65",,,,,ND,ND,,,,,ND,ND,,,,,"11,56","5,37",,,,,"12,21","7,47",,,,
jul-22,"11,40","3,92",,,,,"11,64","5,17",,,,,"11,61","3,89",,,,,"12,36","2,85",,,,,ND,ND,,,,,ND,ND,,,,,"11,49","3,38",,,,,"12,12","5,32",,,,
ago-22,"11,27","-1,05",,,,,"11,52","1,70",,,,,"11,54","0,79",,,,,"12,28","0,31",,,,,ND,ND,,,,,ND,ND,,,,,"11,52","2,89",,,,,"12,05","2,58",,,,
sep-22,"10,89","-9,69",,,,,"11,31","-3,48",,,,,"11,22","-6,60",,,,,"12,01","-5,31",,,,,ND,ND,,,,,ND,ND,,,,,"11,22","-3,20",,,,,"11,86","-2,03",,,,
oct-22,"10,72","-10,98",,,,,"11,21","-4,47",,,,,"11,07","-8,00",,,,,"11,83","-7,54",,,,,ND,ND,,,,,ND,ND,,,,,"11,01","-6,35",,,,,"11,74","-2,97",,,,
nov-22,"10,72","-11,38",,,,,"11,18","-4,87",,,,,"11,08","-8,21",,,,,"11,85","-7,99",,,,,ND,ND,,,,,ND,ND,,,,,"11,04","-7,34",,,,,"11,75","-2,72",,,,
dic-22,"10,67","-11,48",,,,,"11,14","-5,02",,,,,"11,05","-7,83",,,,,"11,83","-7,66",,,,,ND,ND,,,,,ND,ND,,,,,"10,95","-7,83",,,,,"11,72","-2,26",,,,
ene-23,"10,62","-11,50",,,,,"11,10","-5,00",,,,,"11,01","-7,32",,,,,"11,77","-7,30",,,,,ND,ND,,,,,ND,ND,,,,,"10,89","-7,54",,,,,"11,68","-2,16",,,,
feb-23,"10,59","-10,73",,,,,"11,07","-4,52",,,,,"10,99","-6,15",,,,,"11,74","-6,27",,,,,ND,ND,,,,,ND,ND,,,,,"10,90","-5,76",,,,,"11,66","-1,63",,,,
mar-23,"10,53","-10,81",,,,,"11,01","-5,08",,,,,"10,91","-6,82",,,,,"11,65","-6,89",,,,,ND,ND,,,,,ND,ND,,,,,"10,79","-7,49",,,,,"11,59","-2,40",,,,
abr-23,"10,63","-8,84",,,,,"11,05","-4,16",,,,,"10,96","-5,75",,,,,"11,68","-6,00",,,,,ND,ND,,,,,ND,ND,,,,,"10,82","-7,15",,,,,"11,60","-2,05",,,,
may-23,"10,77","-4,65",,,,,"11,12","-1,75",,,,,"11,04","-2,32",,,,,"11,73","-3,18",,,,,ND,ND,,,,,ND,ND,,,,,"10,88","-3,16",,,,,"11,64","-0,21",,,,
jun-23,"10,84","-2,21",,,,,"11,15","-0,56",,,,,"11,11","-0,23",,,,,"11,77","-1,79",,,,,ND,ND,,,,,ND,ND,,,,,"10,98","-0,61",,,,,"11,68","1,21",,,,
jul-23,"10,88","0,46",,,,,"11,16","1,57",,,,,"11,16","1,91",,,,,"11,80","0,81",,,,,ND,ND,,,,,ND,ND,,,,,"11,03","1,66",,,,,"11,71","3,47",,,,
ago-23,"10,89","3,30",,,,,"11,16","3,69",,,,,"11,13","2,84",,,,,"11,78","1,72",,,,,ND,ND,,,,,ND,ND,,,,,"10,97","0,05",,,,,"11,70","4,59",,,,
